"Feature","Gain","Cover","Frequency"
"ctrx_quarter_normalizado",0.0653774451615372,0.00992808029352756,0.0061898211829436
"ctrx_quarter",0.0637528893206373,0.0072896996561853,0.00730742778541953
"ctrx_quarter_normalizado_lag1",0.0509439269420114,0.00512249372217606,0.00361072902338377
"mpasivos_margen",0.0379604805375731,0.00507775270243587,0.00704951856946355
"mcuentas_saldo",0.0272502508330574,0.0162022850883737,0.00954264099037139
"mpayroll_sobre_edad",0.0212238236965045,0.0177002801145312,0.0061898211829436
"mcuenta_corriente",0.0208102784909245,0.0012354557390717,0.00189133425034388
"mpayroll",0.0205103299607855,0.0136027749519041,0.00550206327372765
"mprestamos_personales",0.017150493441622,0.0186844332641432,0.00541609353507565
"cpayroll_trx",0.0151765919778146,0.00848319833291789,0.00335281980742779
"mcomisiones_mantenimiento_tend12",0.0147418219290815,0.00589482806077355,0.00541609353507565
"ctrx_quarter_lag1",0.0143848352444376,0.00476431137683962,0.00490027510316369
"mprestamos_personales_lag1",0.0127683560184911,0.00217561025758384,0.00146148555708391
"cpayroll_trx_lag1",0.0123906600666458,0.00143123249990256,0.00103163686382393
"vm_status06",0.0116837065047498,0.0031726704792627,0.00120357634112792
"mcaja_ahorro",0.0108035501638889,0.00459137113613947,0.00722145804676754
"mcomisiones_avg12",0.00786066507222513,0.00450335773505618,0.00498624484181568
"ccomisiones_mantenimiento_delta1",0.00753542749852111,0.00454600069994338,0.00232118294360385
"mpasivos_margen_lag1",0.0073158614064974,0.00202806858476759,0.00369669876203576
"vm_msaldototal",0.00727958916046796,0.00220099268658425,0.00361072902338377
"mtarjeta_visa_consumo",0.00719357304456011,0.00420489732805452,0.00429848693259972
"mcomisiones_otras_avg12",0.00671744450811856,0.00466299550104415,0.00481430536451169
"mcomisiones_otras_min12",0.00647516918362905,0.00484335155870547,0.00653370013755158
"active_quarter_min12",0.00606826291999541,2.35022490744552e-05,8.59697386519945e-05
"vm_status01",0.00572249575910785,0.00604568627414589,0.0016334250343879
"cpayroll_trx_min12",0.00517672973172239,0.00466437134086121,0.0016334250343879
"mcomisiones_mantenimiento_delta1",0.0047676515309094,0.0066850967336433,0.0047283356258597
"cprestamos_personales",0.00458460670770539,0.00385998114494242,0.00180536451169188
"mcomisiones",0.00433624579814462,0.00124329923644521,0.00266506189821183
"cprestamos_personales_tend12",0.0042119023145457,0.0031585731645389,0.00128954607977992
"mrentabilidad_annual_lag1",0.0037236643470294,0.00379611958299385,0.00275103163686382
"mcomisiones_min12",0.00371220587242953,0.00277223653696357,0.00524415405777166
"mrentabilidad_annual_max12",0.00365505343742945,0.00272422335859687,0.00490027510316369
"ctrx_quarter_delta1",0.0035235540262861,0.00613984455511594,0.00533012379642366
"mcomisiones_otras",0.00341914946662146,0.00138083480150101,0.00206327372764787
"ctrx_quarter_normalizado_delta1",0.00341105646988288,0.00539868246996897,0.00481430536451169
"mcomisiones_mantenimiento_max12",0.00336817249789967,0.00556234688738634,0.00404057771664374
"cpayroll_trx_avg12",0.00334448212190631,0.00511542892593068,0.00257909215955983
"mrentabilidad_max12",0.00314039342042335,0.00155479582658156,0.00257909215955983
"ccomisiones_mantenimiento_tend12",0.00310800554746818,0.00436845684272924,0.00369669876203576
"vm_status06_tend12",0.00308931901680191,0.000373937930338285,0.000257909215955983
"ctrx_quarter_tend12",0.0030437672200737,0.004223921036962,0.00343878954607978
"ccomisiones_mantenimiento_avg12",0.00302658922056925,0.00178568272843319,0.00257909215955983
"mcomisiones_max12",0.00295084524187584,0.00432200913606055,0.00266506189821183
"mcuenta_corriente_avg12",0.00294107071049576,0.00251118606187922,0.00438445667125172
"mrentabilidad_avg12",0.00289827212290086,0.00169922269488529,0.00275103163686382
"cdescubierto_preacordado_min12",0.00283372291945962,0.00203750983160608,0.00077372764786795
"mcuenta_corriente_tend12",0.00276550094619889,0.00352047552251854,0.00343878954607978
"mcomisiones_mantenimiento",0.00272659295454911,0.00310874436178019,0.0031808803301238
"ctarjeta_visa_transacciones",0.00269842184684025,0.0026344871317016,0.00292297111416781
"ccomisiones_otras_tend12",0.00269355511771779,0.00157893152683279,0.00386863823933975
"mcuentas_saldo_delta1",0.00268308826987664,0.00560648269899586,0.00352475928473177
"mcaja_ahorro_lag1",0.00268173654382361,0.00173985233405778,0.00326685006877579
"mpayroll_lag1",0.00266489632989873,0.00193600432392966,0.00249312242090784
"mpayroll_min12",0.00257693213463377,0.00737099121229725,0.00713548830811554
"mcomisiones_mantenimiento_avg12",0.00256836584841652,0.00261560867274548,0.0030949105914718
"vmr_mpagominimo_tend12",0.00246433707776469,0.00102252737981757,0.0016334250343879
"mcomisiones_otras_max12",0.00244320036007066,0.00178262844473372,0.00257909215955983
"Visa_status_max12",0.00241357462881003,0.000573442773254094,0.000257909215955983
"mcuenta_corriente_min12",0.0024091202121865,0.00183209412261404,0.00275103163686382
"mcuentas_saldo_tend12",0.00239218417554748,0.00125283328186374,0.00300894085281981
"mactivos_margen",0.00231385831691911,0.00200529662017081,0.00292297111416781
"mcomisiones_otras_lag1",0.00230369286650941,0.00171714089027407,0.00326685006877579
"cdescubierto_preacordado",0.00229520305931128,0.00180701429767896,0.000859697386519945
"Master_Fvencimiento_max12",0.00228422069900922,0.000722247313703018,0.00214924346629986
"vm_msaldototal_tend12",0.0022811998478962,0.00196914148644443,0.0030949105914718
"mcuenta_debitos_automaticos_tend12",0.00221257133457304,0.00574881151244659,0.00206327372764787
"mactivos_margen_avg12",0.00220688900578736,0.00127757822496651,0.00283700137551582
"mcomisiones_otras_tend12",0.00217045144205626,0.00107355449467502,0.00197730398899587
"vmr_mpagominimo",0.00214846819627282,0.00102858349584517,0.00180536451169188
"ctarjeta_visa_debitos_automaticos_tend12",0.00214599091713775,0.00453647068924572,0.0031808803301238
"Visa_cconsumos_tend12",0.0020903101998063,0.00149383926366021,0.00335281980742779
"vm_msaldopesos_tend12",0.00208704428693717,0.00210420376760621,0.00300894085281981
"ccajas_consultas_delta1",0.00208642195142282,0.00262495308628307,0.00094566712517194
"mcuentas_saldo_min12",0.00206918736459235,0.00499228521022227,0.00343878954607978
"ccallcenter_transacciones_max12",0.0020631594156159,0.00332464631031635,0.00421251719394773
"mrentabilidad_delta1",0.00204660437320295,0.00141839401809056,0.00292297111416781
"vm_status01_max12",0.00203156651701772,0.000295519095486592,0.000343878954607978
"Visa_msaldopesos_tend12",0.00195276485315027,0.00160600853859909,0.00283700137551582
"mrentabilidad",0.00192896110929937,0.00244811530522139,0.00214924346629986
"mrentabilidad_annual_min12",0.00188904725556686,0.00168094944405985,0.00240715268225585
"mcuentas_saldo_avg12",0.00188673647299875,0.00222215479755344,0.00275103163686382
"mactivos_margen_delta1",0.00188420988617999,0.00382751374609227,0.00206327372764787
"vm_msaldopesos",0.00187569151870951,0.000812096512782682,0.00214924346629986
"ccajas_consultas",0.0018447921573397,0.00209847446396918,0.00077372764786795
"Visa_msaldototal",0.0018305624684705,0.00229602246726248,0.00404057771664374
"ctrx_quarter_normalizado_tend12",0.00181430033358645,0.00268361389302874,0.00275103163686382
"Visa_msaldototal_tend12",0.00177037596453634,0.00302453166775752,0.00378266850068776
"ctransferencias_recibidas_tend12",0.00175274113598732,0.00154607679477901,0.00275103163686382
"mprestamos_personales_delta1",0.00173490672091805,0.00630965385242008,0.0016334250343879
"ctarjeta_debito_transacciones",0.00173409057981507,0.00110049029121082,0.00206327372764787
"mcuenta_corriente_lag1",0.00172274411771816,0.00140086315590541,0.00257909215955983
"Visa_msaldopesos",0.00171994462510925,0.00135267244982038,0.00266506189821183
"mcomisiones_delta1",0.00171037406706225,0.00110726458755348,0.00197730398899587
"mcuentas_saldo_lag1",0.00166653910420309,0.0012853006807139,0.00240715268225585
"mrentabilidad_annual",0.0016584983671362,0.00199430200579693,0.00283700137551582
"vm_Fvencimiento_max12",0.00162903623481212,0.00105126266186191,0.00232118294360385
"Visa_fechaalta_max12",0.00162163083181494,0.0010303829813537,0.00171939477303989
"ctarjeta_visa_transacciones_delta1",0.00161084576434087,0.00218709307318314,0.0016334250343879
"Visa_mlimitecompra_tend12",0.00160853923509064,0.000760657856396376,0.00240715268225585
"vm_status04_max12",0.00160432148221852,0.000377068873734298,0.000171939477303989
"cproductos",0.00159618082881763,0.00303195958888131,0.00206327372764787
"cmobile_app_trx_avg12",0.00159156737961313,0.00210994517540586,0.00214924346629986
"cproductos_min12",0.00159122262324751,0.00119414423207198,0.000859697386519945
"mrentabilidad_annual_tend12",0.00158628387643642,0.00140447019636422,0.00257909215955983
"mpayroll_sobre_edad_lag1",0.00157605418878635,0.00365648999780592,0.00300894085281981
"vm_status04_delta1",0.00155637030147933,0.00134050776639386,0.000343878954607978
"mpasivos_margen_min12",0.00155546238165619,0.00219943124960712,0.00361072902338377
"vmr_msaldopesos2",0.00155496095217152,0.00204814939054331,0.00292297111416781
"mrentabilidad_annual_avg12",0.00153485553975763,0.000949975029112528,0.00197730398899587
"vmr_msaldototal",0.00153294603498402,0.00228515696395647,0.00137551581843191
"Master_cconsumos_tend12",0.00150985342171166,0.00549769452014702,0.00180536451169188
"mcaja_ahorro_avg12",0.0015026652952197,0.00190629263943451,0.00335281980742779
"ccallcenter_transacciones_avg12",0.00149410378894879,0.0019930754506521,0.00292297111416781
"mcaja_ahorro_min12",0.00149404045448786,0.00147910849775964,0.00335281980742779
"mpasivos_margen_max12",0.00149101133179277,0.00203123180593057,0.00300894085281981
"cproductos_delta1",0.00148609649149204,0.00155433183368138,0.000601788170563962
"mactivos_margen_max12",0.00148144687057062,0.00126277079936939,0.00232118294360385
"ctransferencias_recibidas_avg12",0.00147138516544177,0.00215546489627419,0.00326685006877579
"Master_Fvencimiento_avg12",0.00146516453216853,0.000911278021237318,0.00257909215955983
"ccomisiones_otras_avg12",0.00145804572038213,0.00236480235395299,0.00249312242090784
"Visa_mpagominimo_tend12",0.0014521083609354,0.000398416581863558,0.00111760660247593
"mautoservicio_max12",0.00145055754048088,0.00415878853793901,0.00240715268225585
"mtransferencias_recibidas_max12",0.00142423314700332,0.00260114419842241,0.00283700137551582
"Master_fechaalta_lag1",0.00141426244170134,0.00180641312426916,0.0031808803301238
"Visa_msaldopesos_delta1",0.00141366874668147,0.000988482405106795,0.00189133425034388
"Visa_mpagospesos_tend12",0.00140398645105313,0.00101725803435984,0.0030949105914718
"vmr_msaldopesos_tend12",0.0013967555245413,0.000496278736593329,0.00146148555708391
"mrentabilidad_annual_delta1",0.00139219997042698,0.00080511644567559,0.00223521320495186
"tcallcenter_tend12",0.00137100379316274,0.00152419650349475,0.00189133425034388
"mcuentas_saldo_max12",0.00134780017113184,0.00159796733990288,0.00240715268225585
"ccaja_seguridad_lag1",0.00134717686867136,0.00187508003877528,0.000601788170563962
"mcomisiones_mantenimiento_min12",0.00133572061370109,0.00451579274478107,0.0015474552957359
"Visa_mpagospesos_delta1",0.00133431327510004,0.00125536708657083,0.00232118294360385
"cmobile_app_trx_tend12",0.0013273563533218,0.00179950971685862,0.00240715268225585
"cliente_edad_avg12",0.00131779953993062,0.00209956383860439,0.0031808803301238
"mtransferencias_emitidas_tend12",0.00131521449853725,0.00521302075436208,0.00335281980742779
"vm_cconsumos_max12",0.00129537024267767,0.00111941716681739,0.00206327372764787
"mpasivos_margen_delta1",0.00128890091302202,0.00183424059411749,0.00197730398899587
"Visa_mconsumospesos_tend12",0.00128453197327589,0.0013354805041884,0.00180536451169188
"Master_fechaalta",0.00127981202690444,0.00168878890671249,0.00292297111416781
"mpasivos_margen_tend12",0.00127208631512135,0.00139146225627563,0.00257909215955983
"Visa_Fvencimiento",0.00127148536113124,0.00041436986818809,0.00137551581843191
"mautoservicio",0.00124022659912711,0.00224896551774224,0.00300894085281981
"Master_fechaalta_min12",0.00122804475646985,0.00255349817965498,0.00180536451169188
"ccomisiones_otras",0.00120921542544447,0.00185591511463731,0.00197730398899587
"Master_mconsumospesos",0.00120633243987172,0.000491977724144681,0.00094566712517194
"ccallcenter_transacciones",0.00120228411159717,0.00987043623644142,0.00249312242090784
"mcomisiones_otras_delta1",0.00120063495767361,0.000993275653501722,0.00171939477303989
"Master_Fvencimiento",0.00118674940168426,0.00117370433613873,0.00206327372764787
"ctarjeta_visa_debitos_automaticos_avg12",0.0011771988678709,0.000652232802425932,0.00111760660247593
"mcaja_ahorro_delta1",0.00116581452347863,0.00189397060189401,0.00206327372764787
"Visa_mpagominimo",0.00116484245572751,0.0013984584622662,0.00335281980742779
"ctransferencias_emitidas_tend12",0.00116192349184519,0.00199848601134031,0.00206327372764787
"Visa_cconsumos_avg12",0.00115894663479295,0.000772883060635964,0.00128954607977992
"mautoservicio_avg12",0.00115285849835769,0.00119857839030938,0.00249312242090784
"mprestamos_personales_tend12",0.00115202367016213,0.00272286365766329,0.00094566712517194
"Visa_fechaalta_lag1",0.00115159543263657,0.00072954612375893,0.00146148555708391
"Master_mfinanciacion_limite_tend12",0.00113880805706128,0.000483698476917079,0.0016334250343879
"mtarjeta_visa_consumo_tend12",0.00113489842870187,0.00197213928405169,0.00206327372764787
"Visa_mfinanciacion_limite_tend12",0.00112116865243211,0.00134582956322291,0.00197730398899587
"ccomisiones_otras_max12",0.00111203743130686,0.000683118590694594,0.00171939477303989
"mactivos_margen_lag1",0.00110546689804303,0.000824329786464012,0.00189133425034388
"chomebanking_transacciones_avg12",0.0011054553983793,0.00199627498430292,0.00223521320495186
"chomebanking_transacciones_tend12",0.00109598322291507,0.000843171932932288,0.00206327372764787
"mactivos_margen_tend12",0.0010950671501669,0.00143341124917298,0.00197730398899587
"mcaja_ahorro_dolares_tend12",0.00109140197187701,0.00125399931619551,0.00128954607977992
"Visa_fechaalta",0.00108747731421979,0.00117505596763056,0.00146148555708391
"numero_de_cliente",0.00108181836259813,0.0011112347528907,0.00206327372764787
"mpasivos_margen_avg12",0.00107304027751211,0.00233860491133661,0.0031808803301238
"mtransferencias_recibidas_tend12",0.00105480342788879,0.00106302790792218,0.00206327372764787
"mrentabilidad_lag1",0.00103531321203065,0.000631756594004841,0.0015474552957359
"ccuenta_debitos_automaticos_tend12",0.00103067329878687,0.00448720674740896,0.00146148555708391
"Visa_mconsumospesos_delta1",0.00102561017542975,0.00200529258544994,0.00300894085281981
"mtransferencias_emitidas_max12",0.00102397117307272,0.00176589645728106,0.0031808803301238
"mrentabilidad_min12",0.00101618049277757,0.00208607576673213,0.00240715268225585
"cliente_edad_lag1",0.0010128865378881,0.00176795416492535,0.00249312242090784
"Visa_mconsumospesos_max12",0.00100665543976395,0.000649396393653513,0.00146148555708391
"cliente_edad_min12",0.00100495335989786,0.00152863469645302,0.00214924346629986
"Visa_fechaalta_avg12",0.00100044133715629,0.000609722983327484,0.00111760660247593
"Visa_mpagominimo_delta1",0.000989629661320598,0.00220488619222492,0.00214924346629986
"Master_fechaalta_max12",0.000987552185407589,0.00197069888870069,0.00206327372764787
"Master_mlimitecompra_tend12",0.000973515604043922,0.000847719063354075,0.00189133425034388
"ctarjeta_visa_transacciones_tend12",0.000973339313806528,0.00202253294773237,0.00171939477303989
"Visa_mconsumospesos_avg12",0.00096821818855986,0.000565252289885657,0.00171939477303989
"vm_mpagospesos_min12",0.000962739525055573,0.00193535876859028,0.0016334250343879
"mrentabilidad_tend12",0.000960107378510528,0.000735674864762209,0.00189133425034388
"mtarjeta_visa_consumo_lag1",0.000956142148703074,0.00180059102205209,0.0016334250343879
"cdescubierto_preacordado_tend12",0.000955283099614481,0.00310715468175695,0.000687757909215956
"ccaja_seguridad",0.000947377042482374,0.0035936693938421,0.00077372764786795
"Visa_mpagospesos_max12",0.000937979965949397,0.000781017057912205,0.00206327372764787
"Visa_msaldopesos_min12",0.000937553094077303,0.00136208545361277,0.00137551581843191
"ccallcenter_transacciones_tend12",0.000927042619679819,0.00360864627771581,0.00283700137551582
"vm_mpagominimo",0.000926601060253308,0.00167999724993425,0.00257909215955983
"vmr_msaldopesos2_tend12",0.0009252632171442,0.000991984542822954,0.00137551581843191
"Visa_cconsumos_lag1",0.000923514051894701,0.000838657080277469,0.00120357634112792
"ccomisiones_mantenimiento",0.00092112581816111,0.00588539084865593,0.00171939477303989
"ctrx_quarter_min12",0.000919520912769854,0.0013033842996584,0.00326685006877579
"mpayroll_sobre_edad_min12",0.000917707646876479,0.00389412698767498,0.00455639614855571
"vm_mpagominimo_tend12",0.000911433781008683,0.000779584732002946,0.0015474552957359
"mtransferencias_recibidas",0.000908396759568564,0.00075019179045661,0.00171939477303989
"mcaja_ahorro_tend12",0.000903322607510548,0.000779193364078444,0.00137551581843191
"vmr_msaldopesos2_avg12",0.000901204751473053,0.0009402029351626,0.00232118294360385
"Visa_Fvencimiento_min12",0.000898775582723447,0.000480119679504368,0.00128954607977992
"mtransferencias_recibidas_avg12",0.000893591512168558,0.000638425987604853,0.00223521320495186
"Visa_mpagado_tend12",0.000890933199415189,0.000840153961720666,0.00146148555708391
"vmr_mconsumospesos",0.000887973243149869,0.004330449772123,0.00275103163686382
"chomebanking_transacciones",0.000887509054030178,0.000766492062776061,0.00171939477303989
"cproductos_tend12",0.000887050931039809,0.00335622203585398,0.00137551581843191
"ccaja_seguridad_avg12",0.000883441287299407,0.00173347747508136,0.000601788170563962
"mcaja_ahorro_dolares_avg12",0.000882524743828304,0.000403125101120192,0.00137551581843191
"thomebanking",0.00087193126475943,0.00105863813161437,0.00077372764786795
"ccajas_consultas_tend12",0.000869558467238963,0.00181836396748951,0.00103163686382393
"chomebanking_transacciones_delta1",0.000869042654224036,0.00217237844616605,0.0015474552957359
"cliente_antiguedad",0.000866033006325877,0.000768473110723796,0.0015474552957359
"vmr_mpagominimo_max12",0.000865093212079099,0.00354839579094691,0.00378266850068776
"mcaja_ahorro_max12",0.000865088396960829,0.000683425229480802,0.00206327372764787
"Master_Fvencimiento_lag1",0.000863284843977737,0.000612636051796455,0.0016334250343879
"ccajas_transacciones",0.000850989297213146,0.000429354821503545,0.000343878954607978
"tcallcenter_max12",0.000844269197198731,0.000263882849135896,0.00094566712517194
"Master_fechaalta_avg12",0.000841127489845345,0.000744849820023206,0.0016334250343879
"cforex_sell_tend12",0.000831434495905048,0.00097591828431403,0.00103163686382393
"chomebanking_transacciones_max12",0.000831172012766428,0.000490182273357019,0.00137551581843191
"mcuenta_debitos_automaticos_lag1",0.000830891765321112,0.00154824747460769,0.00120357634112792
"ctrx_quarter_avg12",0.000824315598518959,0.00196266575944623,0.00292297111416781
"ccajas_transacciones_tend12",0.000820369614306956,0.000895094755823131,0.000687757909215956
"vmr_msaldopesos_delta1",0.000808182762434499,0.0017812606743584,0.00171939477303989
"Visa_mconsumosdolares_avg12",0.000807342684625842,0.000999521401410264,0.00223521320495186
"vm_status01_delta1",0.000801036942830609,0.00146388146119192,0.000515818431911967
"cproductos_avg12",0.000799030747392741,0.000803635703115878,0.00146148555708391
"ctransferencias_recibidas_max12",0.000798831382272407,0.00162728765647354,0.0016334250343879
"vm_fechaalta_avg12",0.000795951622307473,0.000357084901259487,0.00128954607977992
"mprestamos_personales_max12",0.000788322960707513,0.00149607046430196,0.000515818431911967
"thomebanking_avg12",0.000787072382342084,0.00082018612812934,0.00103163686382393
"matm_other_avg12",0.00078286066550778,0.00223944357648632,0.00111760660247593
"Visa_msaldototal_delta1",0.000781799183880286,0.000602387860783732,0.00137551581843191
"mttarjeta_visa_debitos_automaticos_tend12",0.000780263440309995,0.000755146427686384,0.00146148555708391
"mcaja_ahorro_dolares",0.000778551566603963,0.000381083421001093,0.00137551581843191
"vm_mconsumosdolares_max12",0.000777901898749959,0.000949644182001094,0.0015474552957359
"ctarjeta_master",0.000776058006352094,3.89996119405466e-05,8.59697386519945e-05
"ctransferencias_emitidas_avg12",0.000770925022602566,0.000973344132398236,0.0016334250343879
"vm_Fvencimiento_avg12",0.000769258565317821,0.000654464003067679,0.00146148555708391
"vm_msaldopesos_delta1",0.000765984410245258,0.0034952101004234,0.00189133425034388
"cliente_edad_tend12",0.000763500945858321,0.00090196185074583,0.0016334250343879
"Visa_Fvencimiento_lag1",0.000761448329354244,0.000362015330164033,0.00103163686382393
"Visa_mpagospesos_avg12",0.000757545194076916,0.000511360523209691,0.00146148555708391
"mactivos_margen_min12",0.000756510536939112,0.00128276284128594,0.00146148555708391
"cmobile_app_trx_max12",0.000751961919567289,0.000659668792991464,0.00171939477303989
"thomebanking_tend12",0.000745786474938836,0.00185384530283041,0.00137551581843191
"mcheques_depositados_avg12",0.000743268527814769,0.0016850809982319,0.000515818431911967
"catm_trx_avg12",0.000738443869611351,0.00107242073811022,0.00214924346629986
"mcuenta_corriente_delta1",0.000728282876095125,0.0032901090996593,0.00171939477303989
"vmr_msaldopesos_max12",0.000718793228970388,0.00173594268953364,0.0031808803301238
"mpayroll_avg12",0.000715922415981558,0.00263551195080287,0.00326685006877579
"Visa_mconsumototal_lag1",0.000713905590815305,0.000703235708958154,0.00120357634112792
"vm_mfinanciacion_limite_tend12",0.000712642968859946,0.00047315171655989,0.00128954607977992
"ccajas_transacciones_delta1",0.000703236797163807,0.000851116298327584,0.000429848693259972
"vm_Fvencimiento",0.000703153109393942,0.00031125047216321,0.00103163686382393
"vmr_msaldopesos2_min12",0.0007028573777699,0.0015718949736335,0.00361072902338377
"Visa_cconsumos",0.000699322788283139,0.00114267733263958,0.0015474552957359
"vm_Fvencimiento_lag1",0.000693724618224267,0.000559527020969493,0.00120357634112792
"mv_status07",0.000692017982741422,0.00188649829884064,0.000601788170563962
"mprestamos_personales_min12",0.000688110107342278,0.000105164999506554,0.000171939477303989
"mcomisiones_lag1",0.000680561251548133,0.000733552601583983,0.0016334250343879
"ctransferencias_recibidas_lag1",0.000679063950856733,0.00169720129972884,0.00111760660247593
"mextraccion_autoservicio_max12",0.000678531808304085,0.000614431502584118,0.00128954607977992
"Visa_Fvencimiento_max12",0.000676381156719287,0.000855481866310169,0.00120357634112792
"Visa_msaldototal_min12",0.000674422954977601,0.000421600087989193,0.00146148555708391
"Master_cconsumos_avg12",0.000674064481122194,0.00361893481593724,0.00120357634112792
"vm_mpagospesos_delta1",0.000666395761844337,0.000896700574729849,0.00111760660247593
"Visa_cconsumos_max12",0.000666181310552777,0.000526232504340754,0.00094566712517194
"Visa_Fvencimiento_avg12",0.000665843896014275,0.000600217180955052,0.00094566712517194
"mcaja_ahorro_dolares_max12",0.000665784040236178,0.00032961652156869,0.000859697386519945
"vmr_Visa_mlimitecompra_avg12",0.00066514437136464,0.000524158657812983,0.00103163686382393
"mplazo_fijo_dolares",0.000663068556479254,0.00461988854325677,0.00103163686382393
"ccajas_consultas_max12",0.000662367088391207,0.000591147128436705,0.000859697386519945
"cliente_antiguedad_lag1",0.000658180335140275,0.000651954406685823,0.00137551581843191
"vm_cconsumos_tend12",0.000656577743812533,0.000334789033725506,0.00077372764786795
"mautoservicio_lag1",0.000652993135322462,0.000974594895868292,0.00111760660247593
"vm_msaldopesos_min12",0.000649999767574929,0.000518308312549814,0.00128954607977992
"vm_fechaalta_min12",0.000645488812570308,0.000554314161603966,0.00128954607977992
"ctarjeta_debito_transacciones_avg12",0.000643814360559709,0.00106115983215884,0.00189133425034388
"Visa_mpagospesos",0.000642113318766052,0.00208004385902976,0.00257909215955983
"Visa_mconsumospesos_min12",0.000640604746039183,0.000546559428089614,0.00137551581843191
"mcomisiones_tend12",0.000638978690301709,0.000809453770612078,0.00128954607977992
"mttarjeta_visa_debitos_automaticos_avg12",0.000637043884242852,0.000596936952886807,0.00077372764786795
"matm_avg12",0.000636492524105452,0.00122720876961106,0.0015474552957359
"Visa_cconsumos_delta1",0.00063498646799625,0.00246566230629003,0.00146148555708391
"cliente_edad",0.000631561502921634,0.000913787617619174,0.0015474552957359
"mforex_sell_tend12",0.000628466370178867,0.00135009022846284,0.00120357634112792
"vmr_mconsumospesos_tend12",0.000627967530368146,0.000546135782398143,0.00094566712517194
"vm_mpagominimo_avg12",0.000622875930290116,0.000398957234460293,0.00111760660247593
"ccomisiones_otras_min12",0.000622089316497713,0.00086301872489748,0.00111760660247593
"Visa_mconsumototal_min12",0.000621221111912851,0.000404242718801501,0.00128954607977992
"chomebanking_transacciones_lag1",0.000620388493365743,0.000334740617075052,0.00120357634112792
"vmr_mpagado_avg12",0.000618910580402835,0.00024633584806726,0.000687757909215956
"vmr_msaldopesos2_max12",0.000618230817662355,0.000358307421683445,0.00103163686382393
"Visa_mfinanciacion_limite",0.000607667509708746,0.000731494893939696,0.00103163686382393
"cpagomiscuentas_delta1",0.000607389419239851,0.00349010214380052,0.00094566712517194
"vmr_mconsumototal_tend12",0.000601434727440577,0.000687863422439068,0.00094566712517194
"ctrx_quarter_normalizado_min12",0.000596883181128901,0.0010797800689792,0.00240715268225585
"ctarjeta_visa_transacciones_avg12",0.000596378918799427,0.000530521412626788,0.00077372764786795
"Visa_delinquency_lag1",0.000595944479907646,0.00560745910144668,0.00103163686382393
"ctrx_quarter_max12",0.000593970684679426,0.00107859789576395,0.0016334250343879
"cliente_antiguedad_max12",0.000592454754252888,0.000406268148678819,0.00103163686382393
"Visa_fechaalta_min12",0.000589826673023748,0.000264104758783809,0.00094566712517194
"Visa_msaldopesos_max12",0.000588906969815019,0.000836534817099244,0.000859697386519945
"vmr_mpagospesos_delta1",0.000588508231840053,0.00159029733552682,0.00111760660247593
"mtarjeta_visa_consumo_avg12",0.000586377998797053,0.000449471939767105,0.000859697386519945
"Visa_mconsumospesos",0.00058436572901519,0.00107080684976176,0.00180536451169188
"ccheques_depositados_tend12",0.000578360249655938,0.00246138146744573,0.000601788170563962
"Visa_msaldopesos_avg12",0.000577992069013745,0.000644627353583813,0.000859697386519945
"vm_Fvencimiento_min12",0.000576750993493947,0.000363592906024653,0.00103163686382393
"cproductos_max12",0.000567974947376676,0.000616807953177226,0.00128954607977992
"tcallcenter_avg12",0.000567771894544441,0.000892339041468135,0.0015474552957359
"vm_mlimitecompra_tend12",0.00056722387359207,0.000282047162497818,0.00120357634112792
"mtransferencias_recibidas_delta1",0.000566522727227909,0.000590311941216376,0.00128954607977992
"Visa_mconsumototal_tend12",0.000565867268234728,0.000548536441316478,0.00146148555708391
"Visa_fultimo_cierre_avg12",0.000565270349811272,0.000665224603631039,0.000859697386519945
"vm_fechaalta",0.000563086781431052,0.000365400460974929,0.00103163686382393
"mtransferencias_emitidas",0.000559749017625583,0.001905776195163,0.00240715268225585
"Visa_mpagominimo_lag1",0.000558197015711975,0.000948143265837026,0.0015474552957359
"Master_mfinanciacion_limite",0.000556043679852026,0.000346602696436236,0.00077372764786795
"ctarjeta_debito_avg12",0.000550714284134964,0.000516407959019501,0.00120357634112792
"ccomisiones_otras_lag1",0.000549603282481494,0.000440042797091224,0.000859697386519945
"vmr_mpagado_tend12",0.000549147789970253,0.000242805467305003,0.00077372764786795
"vm_cconsumos_lag1",0.000547730435242032,0.000374462444051534,0.00077372764786795
"vmr_mconsumospesos_avg12",0.00054697084446131,0.000409677487814941,0.00128954607977992
"vmr_msaldopesos2_lag1",0.000542519425727377,0.000838830573274929,0.00128954607977992
"Visa_mpagominimo_min12",0.000539870565176048,0.000537896882379252,0.00094566712517194
"ctransferencias_emitidas_max12",0.000539804433904084,0.000207707430446859,0.000859697386519945
"mtarjeta_master_consumo_tend12",0.000539196231302925,0.002353654420186,0.00103163686382393
"mcuenta_debitos_automaticos_max12",0.00053691004432968,0.00102401619181902,0.00111760660247593
"mpagomiscuentas_max12",0.000535063212856254,0.000445554225801217,0.00094566712517194
"Master_msaldototal_delta1",0.000533664777202843,0.00120065627155802,0.000859697386519945
"mtarjeta_visa_consumo_min12",0.000532923110463136,0.00066298533354755,0.00137551581843191
"Master_mlimitecompra",0.000530615700179477,0.000383730197892568,0.00103163686382393
"ccajas_extracciones_avg12",0.000528770427430097,0.00117570555769082,0.00077372764786795
"vmr_Visa_mlimitecompra_max12",0.000527893907603308,0.000630098323726797,0.00077372764786795
"vm_mconsumosdolares_tend12",0.00052687599489434,0.000604122790758327,0.000687757909215956
"vm_msaldopesos_max12",0.000519359808555155,0.000791172450344892,0.00128954607977992
"mcuenta_debitos_automaticos",0.000511588983922603,0.00125920814084016,0.00111760660247593
"Master_mconsumototal_tend12",0.000508334379091215,0.000905068585816617,0.000859697386519945
"vmr_mpagospesos_tend12",0.00050556405803129,0.000494019292905484,0.00094566712517194
"vm_mpagominimo_delta1",0.000505490704496646,0.00175799243909448,0.00120357634112792
"vm_mconsumospesos_tend12",0.000504723390406911,0.000436536624654194,0.000859697386519945
"Master_mpagominimo_max12",0.000502866204258666,0.000540398409319366,0.000859697386519945
"vm_msaldototal_avg12",0.000499839902504931,0.00061811923746035,0.00103163686382393
"Visa_cconsumos_min12",0.000496652623751219,0.000143910424032218,0.00077372764786795
"vm_mpagado_avg12",0.000493554388414526,0.000268498569812493,0.00103163686382393
"Master_mlimitecompra_min12",0.000492868617044756,0.000260759975181625,0.00094566712517194
"Visa_mpagominimo_avg12",0.000492277295303549,0.000607439331314413,0.00103163686382393
"mpayroll_sobre_edad_delta1",0.00049092625242212,0.00244347134149869,0.00189133425034388
"matm_other_max12",0.000488760523158522,0.000578554764597842,0.00103163686382393
"chomebanking_transacciones_min12",0.000487755840798048,0.00051798150015925,0.00077372764786795
"Master_status_tend12",0.000486326505383391,0.00101399394517508,0.000601788170563962
"mforex_sell_max12",0.00048509084948355,0.000218516447660673,0.000601788170563962
"ctransferencias_emitidas_lag1",0.000484014571921971,0.00070010476556214,0.00077372764786795
"Visa_mfinanciacion_limite_lag1",0.000483189275377522,0.000245072980434589,0.00103163686382393
"vmr_msaldototal_max12",0.000483096365395192,0.00108316923451097,0.00189133425034388
"mttarjeta_visa_debitos_automaticos_delta1",0.000481874144284544,0.000237758031495193,0.00094566712517194
"ccajas_depositos_tend12",0.000479744040659948,0.00275988625637698,0.000687757909215956
"vmr_msaldototal_lag1",0.000479264237540625,0.000501459318191887,0.000859697386519945
"mpagomiscuentas_delta1",0.000478667274496509,0.00129449177485838,0.00094566712517194
"Visa_mpagosdolares_lag1",0.000478057076637151,0.00199677528969094,0.000859697386519945
"ctarjeta_debito_transacciones_lag1",0.000477947702983633,0.00060441329066105,0.00146148555708391
"Master_mfinanciacion_limite_avg12",0.000476299424960076,0.000467523280944635,0.000859697386519945
"Visa_mfinanciacion_limite_max12",0.000475662081562501,0.000887335987587907,0.000859697386519945
"Visa_mconsumospesos_lag1",0.000473870746194015,0.000606329783074846,0.000859697386519945
"vmr_mpagospesos_min12",0.000473018052033234,0.00165426380021805,0.00197730398899587
"cliente_edad_max12",0.000470169299813406,0.000708238762838381,0.00120357634112792
"Visa_msaldototal_lag1",0.00046917984880267,0.000731757150796321,0.00137551581843191
"ctarjeta_visa_debitos_automaticos_delta1",0.000466740097428584,0.000631070691456745,0.000687757909215956
"ccomisiones_mantenimiento_min12",0.000465620291574899,0.000279896656273495,0.000343878954607978
"Visa_mconsumototal_max12",0.000462185635488786,0.000365412565137542,0.00111760660247593
"ctarjeta_debito_transacciones_max12",0.000459987941679388,0.00037423649968275,0.000859697386519945
"vmr_msaldototal_avg12",0.000459854585882138,0.00120248803483352,0.00120357634112792
"vm_mpagominimo_max12",0.00045947707779832,0.00114607456761309,0.0016334250343879
"cdescubierto_preacordado_avg12",0.000455432532481216,0.00141430281112721,0.000343878954607978
"vmr_Master_mlimitecompra_min12",0.000453622210592538,0.000905242078814076,0.000859697386519945
"vm_fultimo_cierre_min12",0.000452560994361649,0.000319404643043806,0.000687757909215956
"vmr_msaldopesos_lag1",0.000451330737873707,0.000476544916812529,0.000859697386519945
"cforex_avg12",0.000451161674357622,0.000537606382476529,0.000601788170563962
"vm_msaldototal_delta1",0.000450309447724448,0.0033035487548811,0.00189133425034388
"Visa_mconsumototal_delta1",0.000448711663477369,0.000679866605672446,0.00137551581843191
"Visa_mpagominimo_max12",0.000448290892467944,0.000869006250670268,0.00128954607977992
"vmr_mconsumototal_max12",0.00044672442615427,0.00086852208416573,0.00137551581843191
"cproductos_lag1",0.000445859393873673,0.00121795311993264,0.00103163686382393
"vm_mpagominimo_min12",0.000445360778443555,0.000846532855417956,0.00120357634112792
"ctrx_quarter_normalizado_max12",0.000442827834181274,0.000916406151464551,0.0016334250343879
"vm_mpagospesos_tend12",0.0004427626941547,0.00209936210256083,0.00240715268225585
"Master_mfinanciacion_limite_max12",0.000442630326194987,0.000300731954852119,0.000859697386519945
"vm_mfinanciacion_limite_delta1",0.000441496044228416,0.000454410438113394,0.00077372764786795
"cplazo_fijo_tend12",0.000438783946987711,0.00258918932048119,0.000687757909215956
"Visa_mconsumosdolares",0.00043716022648451,0.00194687386195654,0.00120357634112792
"Master_mconsumospesos_tend12",0.00043700809930354,0.00110573946306419,0.00077372764786795
"Visa_mfinanciacion_limite_delta1",0.000435417073853913,0.000741517140583635,0.00103163686382393
"ctarjeta_visa_debitos_automaticos_max12",0.000432954844438041,0.000378501199643557,0.000859697386519945
"vmr_mpagospesos_max12",0.000432774092981509,0.000553712988194165,0.0015474552957359
"vmr_msaldopesos_avg12",0.000431712494961569,0.000514644785998808,0.00094566712517194
"vm_cconsumos_delta1",0.000430021234260674,0.00113919940324864,0.00103163686382393
"vm_cconsumos_avg12",0.000429140558257069,0.000451017237860756,0.00094566712517194
"vmr_Master_mlimitecompra",0.000428316397376954,0.00335942560422568,0.000859697386519945
"Visa_mpagado_avg12",0.000427186586593441,0.000278399774830298,0.000859697386519945
"Visa_mpagospesos_min12",0.000425453173998598,0.000291355263547564,0.000859697386519945
"ccaja_ahorro_max12",0.0004240166655567,0.00305205249881964,0.00120357634112792
"mtransferencias_emitidas_avg12",0.000423211098941217,0.00145967728204418,0.0030949105914718
"thomebanking_delta1",0.0004226193575767,0.000827307410466921,0.000601788170563962
"vmr_msaldototal_tend12",0.000422317559803628,0.000589105559675902,0.00120357634112792
"ctransferencias_recibidas_delta1",0.000417176787638525,0.00308516141828831,0.00077372764786795
"vmr_mpagospesos_lag1",0.000416334033694445,0.000412352507752514,0.00111760660247593
"mtarjeta_visa_descuentos_avg12",0.000416144772463108,0.000863103454035774,0.000515818431911967
"mextraccion_autoservicio_tend12",0.000413108614013329,0.000630287955607742,0.00094566712517194
"ccaja_seguridad_min12",0.000412923692551254,0.000765898958808001,0.000257909215955983
"cextraccion_autoservicio_avg12",0.000412191951983385,0.000364900155586906,0.00111760660247593
"Visa_mpagado_max12",0.000408631981209712,0.000434894493259636,0.00094566712517194
"ctarjeta_visa_transacciones_lag1",0.00040715208116669,0.0012535393580162,0.00171939477303989
"Master_Fvencimiento_min12",0.000406287213008489,0.000277935781930115,0.000859697386519945
"vm_fechaalta_lag1",0.000405394275815948,0.000417129617263957,0.000859697386519945
"vm_status02_max12",0.000405246287192693,0.000867690931666273,0.000429848693259972
"matm_other_tend12",0.000404924172061327,0.000463956587694537,0.000601788170563962
"Visa_mpagosdolares_tend12",0.000399129685478145,0.00105204539771091,0.000687757909215956
"mttarjeta_visa_debitos_automaticos_lag1",0.000399089754909769,0.000465957809246628,0.00094566712517194
"cliente_antiguedad_min12",0.000398150766726813,0.000391618077195669,0.000859697386519945
"Visa_delinquency_avg12",0.00039732058822822,0.000692943136015847,0.000257909215955983
"vm_mconsumototal_tend12",0.000397188864956888,0.000436605214909004,0.000859697386519945
"vmr_mconsumospesos_max12",0.000397093711071005,0.00109553161926018,0.00137551581843191
"mpayroll_max12",0.000395764800378288,0.00337580253624168,0.00361072902338377
"ccuenta_debitos_automaticos_avg12",0.000395592973109908,0.000746528263905605,0.000859697386519945
"vmr_mpagominimo_delta1",0.000394475245642748,0.000888913563448528,0.00103163686382393
"Visa_mconsumototal",0.000393616552352871,0.000492328744860472,0.00128954607977992
"ctarjeta_visa_transacciones_max12",0.000391866782194848,0.000258774892513019,0.000601788170563962
"mcaja_ahorro_dolares_min12",0.000391566844558659,0.000752882949277668,0.000687757909215956
"vm_mfinanciacion_limite_max12",0.000391430862075976,0.000562617617156795,0.000601788170563962
"vm_mlimitecompra",0.000389955730997097,0.000197806225429054,0.000515818431911967
"mcuenta_debitos_automaticos_avg12",0.000389916405678133,8.71136583290236e-05,0.000429848693259972
"ccajas_otras_max12",0.000388479341325884,0.00107119418296539,0.000515818431911967
"vmr_msaldopesos",0.000387936448842208,0.000986331898882471,0.00128954607977992
"Master_mpagospesos",0.000386640980707033,0.0012858453680315,0.000515818431911967
"cextraccion_autoservicio_tend12",0.000386446344911236,0.000309003132637979,0.000687757909215956
"mautoservicio_tend12",0.000385685791583544,0.00038979841808278,0.000687757909215956
"ccomisiones_otras_delta1",0.000383579189806561,0.000342672878307735,0.000601788170563962
"vmr_mpagominimo_avg12",0.000383562212091203,0.000286445008247373,0.000601788170563962
"ctarjeta_debito_transacciones_tend12",0.000380061520091639,0.000234251859058162,0.000687757909215956
"vm_mlimitecompra_max12",0.000379858206031452,0.000253533790101393,0.000687757909215956
"mcaja_ahorro_dolares_delta1",0.000379687178311982,0.000465247698373305,0.00103163686382393
"ccaja_ahorro",0.000376844280153216,0.00176351597196708,0.000515818431911967
"mextraccion_autoservicio_avg12",0.000375744340103732,0.000757635850463884,0.00111760660247593
"cpagomiscuentas_tend12",0.000375422184745927,0.000867142209627796,0.000601788170563962
"Master_msaldopesos",0.000374868113841474,0.000359368553272558,0.00077372764786795
"catm_trx_other_tend12",0.000370046390649412,0.000846778973391097,0.000687757909215956
"cliente_antiguedad_avg12",0.000367917940781227,0.000318940650143624,0.00077372764786795
"ctransferencias_recibidas",0.000367272886783946,0.00155752733261133,0.00094566712517194
"cpayroll_trx_delta1",0.000366149659915221,0.00168223248529687,0.000601788170563962
"vm_mconsumototal_delta1",0.0003637568153306,0.000874497505775905,0.00094566712517194
"vm_status02_tend12",0.000361437274278251,0.00154392628855468,0.000687757909215956
"Visa_mpagospesos_lag1",0.000361145544403395,0.000697074690187906,0.00111760660247593
"vm_mconsumototal_max12",0.000360761094822121,0.000293824512720708,0.00094566712517194
"vmr_msaldodolares2",0.00036047011335075,0.00194814883375183,0.000515818431911967
"catm_trx_other_avg12",0.000360462087254998,0.00096372132312054,0.000601788170563962
"ctarjeta_master_transacciones_tend12",0.000359622548769896,0.000743659577366216,0.000515818431911967
"vm_msaldototal_min12",0.000358890715771225,0.000515613119007885,0.00103163686382393
"vmr_mconsumosdolares_avg12",0.000356954849965625,0.00233138679569812,0.00137551581843191
"vm_mpagosdolares_lag1",0.000355276070704715,0.00181588261415375,0.000429848693259972
"Master_mpagospesos_lag1",0.000353361740907424,0.000860666482629599,0.000687757909215956
"vmr_msaldototal_min12",0.000353182848459476,0.000741682564139352,0.00111760660247593
"vm_mpagado_tend12",0.000348182563683488,0.00148436170433388,0.000859697386519945
"Visa_mlimitecompra",0.000346610273172371,0.000545550747871826,0.00094566712517194
"cextraccion_autoservicio",0.000346483647589643,0.00370777130007825,0.0030949105914718
"catm_trx_max12",0.000345988810504934,0.00056831464302686,0.00103163686382393
"mpagomiscuentas_tend12",0.000345886830240182,0.00126513514579988,0.00094566712517194
"mcheques_depositados_max12",0.000339944345128045,0.000347675932187962,0.000257909215955983
"vm_mconsumosdolares_avg12",0.000339134021694112,0.00111490634888344,0.00137551581843191
"ccajas_consultas_avg12",0.000338845644603586,0.000335309512717884,0.000515818431911967
"cpayroll_trx_tend12",0.000337225478993206,0.00146804125841007,0.00171939477303989
"vm_status01_tend12",0.000336925739199124,0.000909595542634048,0.000515818431911967
"Visa_mconsumototal_avg12",0.000334536512271071,0.000460393929165311,0.00077372764786795
"vm_mconsumospesos",0.0003337920834554,0.00071093395638031,0.00094566712517194
"vm_mfinanciacion_limite_min12",0.000333194036081704,0.000304181641196953,0.000687757909215956
"ccheques_depositados_avg12",0.000330944129398379,0.000350810910304847,0.000171939477303989
"vm_mpagominimo_lag1",0.000328351163261453,0.000541068172983977,0.000687757909215956
"Visa_mconsumosdolares_lag1",0.000327906805105863,0.00253284444351556,0.000601788170563962
"mtransferencias_recibidas_lag1",0.000327611532458524,0.00122186679917766,0.00171939477303989
"vmr_mpagospesos_avg12",0.000326954823284941,0.0006709781155933,0.000601788170563962
"vmr_Visa_mlimitecompra_min12",0.000326846352781811,0.000273844574966768,0.000515818431911967
"ccuenta_debitos_automaticos_lag1",0.000323911630047163,0.00016957528349361,0.000343878954607978
"mtransferencias_emitidas_delta1",0.000323123143776651,0.00116657901908028,0.00077372764786795
"vmr_mpagominimo_min12",0.000320424085624507,0.00164762264966414,0.000859697386519945
"Visa_mlimitecompra_min12",0.000320031587363789,0.000314627533532363,0.000687757909215956
"vm_status03_max12",0.000317492383218034,1.76115566025746e-05,8.59697386519945e-05
"vm_status04_tend12",0.000317406415517848,0.0010264531632252,0.000429848693259972
"Visa_mconsumosdolares_tend12",0.000312885676048076,0.000719560189602831,0.00103163686382393
"vmr_Master_mlimitecompra_lag1",0.000312679097436518,0.000546623983623552,0.000429848693259972
"Master_msaldototal_tend12",0.000308967728299789,0.000905960259129141,0.000859697386519945
"vm_fechaalta_max12",0.000307572567521161,0.000381829844362256,0.000515818431911967
"ccajas_extracciones_tend12",0.000302899988362905,0.000592163878096235,0.000687757909215956
"vm_status04",0.000300335733573981,0.00171197241283813,0.000515818431911967
"Visa_status_tend12",0.000300245182661324,0.000460268852818305,8.59697386519945e-05
"Visa_mconsumosdolares_max12",0.000298212218915791,0.000489464093041954,0.00094566712517194
"Visa_mpagado",0.000297827310604672,0.00416760440304247,0.000601788170563962
"cpagomiscuentas_lag1",0.000294375154206698,0.0012343784685991,0.000429848693259972
"vm_msaldopesos_lag1",0.000293000750514192,0.000454390264509038,0.000859697386519945
"mpayroll_delta1",0.000291972730637813,0.00200529258544994,0.00266506189821183
"ctarjeta_debito_transacciones_delta1",0.000291165885572429,0.000266142292823741,0.000429848693259972
"cprestamos_personales_lag1",0.000291074019649842,0.000594536293968472,0.000429848693259972
"ccallcenter_transacciones_delta1",0.000290873158406821,0.00247773015641564,0.00094566712517194
"vmr_mconsumosdolares_max12",0.000290545057032996,0.00172326559655648,0.00146148555708391
"minversion2_lag1",0.000289828748206323,0.00392631599078502,0.000515818431911967
"mtarjeta_visa_consumo_delta1",0.000289396130077365,0.00123055758793412,0.00103163686382393
"mautoservicio_delta1",0.000289211423333078,0.00223718816751935,0.000601788170563962
"Master_mpagominimo_lag1",0.000288449584371299,0.000203232925000752,0.000515818431911967
"vm_mconsumospesos_delta1",0.000287551638565344,0.00043774704091554,0.00077372764786795
"cpagomiscuentas",0.000285400399044673,0.000481919165012902,0.000343878954607978
"Master_mpagominimo_tend12",0.00028429036613386,0.00105745595839912,0.000859697386519945
"ccajas_extracciones_max12",0.000283543320069642,0.000616533592157987,0.000429848693259972
"Master_mlimitecompra_delta1",0.000281477947643325,0.000255401865864736,0.000687757909215956
"Visa_mlimitecompra_avg12",0.000281414638300796,0.000174489573514672,0.000429848693259972
"vmr_Master_mlimitecompra_avg12",0.000279489631545287,0.000232529033246181,0.000601788170563962
"vm_cconsumos_min12",0.000279147956236339,0.000582101284243584,0.000515818431911967
"cforex_tend12",0.000277229762197946,0.000297258060182058,0.000429848693259972
"ccaja_seguridad_max12",0.000276265094712363,0.000274740283000164,0.000171939477303989
"cpayroll_trx_max12",0.000271842847113429,0.0016000210128263,0.00103163686382393
"vmr_mconsumospesos_min12",0.000271531486672056,0.00010592352703033,0.000343878954607978
"vm_status03_tend12",0.000270687534567641,0.00121489480151231,0.000429848693259972
"vm_msaldototal_max12",0.000269559655957647,0.000706431207888105,0.00180536451169188
"Visa_msaldototal_avg12",0.000267666566036795,0.000445308107828077,0.000687757909215956
"mtransferencias_recibidas_min12",0.000267576474328533,0.000280574489379848,0.000601788170563962
"vmr_msaldopesos_min12",0.000265153581207773,0.000310863138959579,0.000601788170563962
"vm_fultimo_cierre_avg12",0.000265112735750019,0.000532732439664179,0.000687757909215956
"Master_mconsumospesos_max12",0.000264538855924813,0.000413849389195711,0.000601788170563962
"cforex_sell_avg12",0.000264441623781923,0.000255393796422994,0.000429848693259972
"vmr_Visa_mlimitecompra",0.000264315251780038,0.000192189893976412,0.000515818431911967
"mpagomiscuentas_avg12",0.000263654523025472,0.000384714669785129,0.000601788170563962
"mcuenta_corriente_max12",0.000262238388260188,0.000689880782874643,0.000515818431911967
"mtransferencias_emitidas_lag1",0.000261728113158334,0.00225847535483554,0.00206327372764787
"Master_mpagominimo_avg12",0.00026002767567777,0.000248655812568172,0.000687757909215956
"vmr_mconsumototal_min12",0.000257688047339824,0.000211213602883889,0.000515818431911967
"matm_max12",0.000254146743153709,0.000163999299249679,0.000601788170563962
"mpayroll_sobre_edad_tend12",0.000253671819760911,0.000747250478941541,0.00111760660247593
"vmr_mpagospesos",0.000251804022183911,0.000521790276661617,0.000859697386519945
"mextraccion_autoservicio_delta1",0.000249968501684591,0.000203136091699845,0.000687757909215956
"Master_mfinanciacion_limite_delta1",0.000248627447954351,0.000229849978587736,0.00077372764786795
"Visa_Fvencimiento_tend12",0.000248386503493907,0.000505050219767211,0.000343878954607978
"vmr_msaldodolares2_tend12",0.000248244925830325,0.000809163270709355,0.000343878954607978
"Master_msaldototal_max12",0.000247645719305533,0.000202409841943038,0.00077372764786795
"Master_mconsumospesos_delta1",0.000247084759157837,0.00078106950928353,0.000515818431911967
"vm_msaldototal_lag1",0.000246884175688311,0.000306715445904036,0.000687757909215956
"vm_mlimitecompra_min12",0.000245315717434711,0.000363544489374199,0.000343878954607978
"vm_fultimo_cierre_tend12",0.000243941808121828,0.000628415845123527,0.00103163686382393
"mforex_sell_avg12",0.00024351980849551,0.000187937298178219,0.000601788170563962
"Master_mlimitecompra_max12",0.000241584705572832,0.000159193946692138,0.000343878954607978
"vm_mpagado_lag1",0.000241542433131143,0.000277968059697084,0.000343878954607978
"Master_mfinanciacion_limite_min12",0.000241187811761238,0.000266440862168206,0.00077372764786795
"vm_mpagado_max12",0.000240567090361924,9.60021484081695e-05,0.000343878954607978
"Visa_msaldopesos_lag1",0.00024006477263685,0.000569686448123052,0.000687757909215956
"vmr_msaldodolares_avg12",0.000239222832776098,0.00237182680298966,0.000859697386519945
"Master_msaldototal_avg12",0.000238917274256393,0.000466446010472037,0.000601788170563962
"ctarjeta_visa_avg12",0.000238552699586798,0.00129620653122862,0.000343878954607978
"vm_mpagospesos_max12",0.000236999244954619,0.000366848925767672,0.00094566712517194
"vm_msaldodolares_tend12",0.000236071510334408,0.000329842465937474,0.000257909215955983
"cpagomiscuentas_max12",0.000235659135523929,0.000164289799152402,0.000601788170563962
"mpayroll_tend12",0.000232903582405059,0.00272371901848798,0.00189133425034388
"Visa_status",0.00023273246912387,0.00106617095548081,0.000429848693259972
"vm_mconsumospesos_min12",0.000232315668933381,0.00330095039464008,0.000515818431911967
"vm_mconsumototal_min12",0.000231261984046035,0.00156965973827088,0.000601788170563962
"vmr_msaldopesos2_delta1",0.000227809983210905,0.00014405970870445,0.000515818431911967
"Visa_Finiciomora_min12",0.000226557034562022,0.000381906504058808,0.000171939477303989
"Visa_msaldototal_max12",0.000225915003358767,0.000324193856717863,0.000429848693259972
"vm_mfinanciacion_limite",0.000221579317769674,0.000142114973244555,0.000601788170563962
"Visa_mfinanciacion_limite_avg12",0.000220892024770258,0.000149849533154552,0.000343878954607978
"cforex_max12",0.000220835581442731,0.000252323373840048,0.000257909215955983
"ccajas_transacciones_max12",0.000219022805657014,8.43054926027024e-05,0.000343878954607978
"ccaja_ahorro_avg12",0.000218955911333069,0.00276945257956248,0.00146148555708391
"tcallcenter",0.000217525739894265,0.000873658283834705,0.00094566712517194
"mttarjeta_visa_debitos_automaticos_max12",0.00021521312496039,0.000183321577501622,0.000343878954607978
"cextraccion_autoservicio_max12",0.000215128995468192,0.000746415291721213,0.000515818431911967
"Master_mpagado_max12",0.000215111194918659,0.00012677899921331,0.000515818431911967
"Master_cconsumos_max12",0.000214533964607286,0.000310036021180993,0.000429848693259972
"vm_mconsumototal_lag1",0.000214330596042357,8.54110061213978e-05,0.000343878954607978
"cmobile_app_trx",0.000213856439569603,0.000256358094711199,0.000343878954607978
"vm_status06_delta1",0.000209498495818332,0.00158496343453516,0.000257909215955983
"vmr_msaldodolares2_avg12",0.000207635355905943,9.7805668637574e-05,0.000257909215955983
"vm_mconsumospesos_lag1",0.000204022616260446,0.000107121839129062,0.000343878954607978
"cextraccion_autoservicio_delta1",0.000203187253719576,0.000794892462988093,0.000343878954607978
"Visa_mpagosdolares_avg12",0.000202802531190735,0.000352142368192326,0.000601788170563962
"Master_mpagospesos_delta1",0.000202281869189739,0.000181098446301617,0.000257909215955983
"vmr_mconsumospesos_lag1",0.00020113622863094,0.000570400593717246,0.000429848693259972
"Visa_fultimo_cierre_min12",0.000198863360561443,0.000237491739917697,0.000429848693259972
"mprestamos_personales_avg12",0.000198159503249848,0.000132992469354883,0.000171939477303989
"vmr_Visa_mlimitecompra_lag1",0.000196804538173928,9.00428656814793e-05,0.000343878954607978
"cpagomiscuentas_avg12",0.000194636733100463,0.000152911886295756,0.000515818431911967
"Visa_mlimitecompra_max12",0.000192999571250908,0.000168844999015932,0.000343878954607978
"mtarjeta_visa_consumo_max12",0.000192686396336923,0.000184729695085653,0.000343878954607978
"matm_tend12",0.000191924102021945,0.000439449693123165,0.000601788170563962
"ccajas_otras_avg12",0.000190774647935839,0.000277625108423037,0.000257909215955983
"mcuenta_debitos_automaticos_min12",0.000189217269614847,0.000995272840332942,0.000257909215955983
"vmr_mconsumototal",0.000188787898177763,0.00213707060382261,0.00128954607977992
"mplazo_fijo_dolares_max12",0.000183679678611619,0.00044812434299614,0.000257909215955983
"mcaja_ahorro_adicional_lag1",0.000183514910881892,0.00155677283980843,0.000429848693259972
"vm_msaldodolares_avg12",0.00018329907044756,0.00093676535298038,0.000859697386519945
"ctarjeta_master_debitos_automaticos_tend12",0.000182389599525555,0.000122582889507313,0.000257909215955983
"vm_Finiciomora_min12",0.000179343098362319,0.000911181187936411,0.000257909215955983
"vm_cconsumos",0.000178828239165899,0.000692067601586807,0.000601788170563962
"active_quarter_avg12",0.000177388055678385,0.000223773688955783,0.000257909215955983
"cprestamos_personales_delta1",0.000172581207680968,0.000962305136094766,0.000257909215955983
"catm_trx_other_max12",0.000171302372543309,0.000896256755434023,0.000343878954607978
"vm_mconsumospesos_max12",0.000169511022716228,0.000235038629628037,0.00077372764786795
"vm_mpagospesos_lag1",0.000169114789362766,0.000330270146349816,0.000687757909215956
"vm_mlimitecompra_delta1",0.000166680349373068,5.2092281167432e-05,0.000257909215955983
"vmr_mconsumototal_delta1",0.000166348428155755,0.00116497320017356,0.000859697386519945
"cseguro_vivienda_avg12",0.000165623611319493,0.000289446840575509,0.000257909215955983
"matm_other_delta1",0.000165484980919297,0.000233093894168142,0.000343878954607978
"vmr_mconsumospesos_delta1",0.000165127901155089,0.00160712615628039,0.000859697386519945
"mtarjeta_master_descuentos_tend12",0.000164919897213486,0.00258812818889207,0.000343878954607978
"matm_lag1",0.000162621309015185,0.00041703278396305,0.000343878954607978
"catm_trx",0.000162533660636346,0.00306630313293655,0.00257909215955983
"vm_mfinanciacion_limite_avg12",0.00016140310797618,6.39947077373277e-05,0.000257909215955983
"vm_status05_avg12",0.00016010659440178,0.000328091397079395,0.000343878954607978
"mprestamos_hipotecarios_tend12",0.000157517576361214,0.00119255051732788,0.000257909215955983
"vm_mpagospesos_avg12",0.000157385068461847,0.000166270847100137,0.000343878954607978
"vm_msaldodolares_max12",0.000156869134396812,0.00038727671753831,0.000601788170563962
"Master_fultimo_cierre_min12",0.000156786528812552,0.000186775298567327,0.000429848693259972
"vm_mlimitecompra_avg12",0.000156191554157984,7.75029532139416e-05,0.000429848693259972
"ccajas_depositos_max12",0.000156166975822045,0.00088082394810187,0.000257909215955983
"cprestamos_prendarios_avg12",0.00015564703421312,0.00023021310346614,0.000257909215955983
"Master_mlimitecompra_avg12",0.000154525510247041,7.38353919420653e-05,0.000343878954607978
"Master_fultimo_cierre_avg12",0.000153517088308497,0.000185161410218867,0.000429848693259972
"Master_mfinanciacion_limite_lag1",0.000153170252045575,0.000134808093746901,0.000601788170563962
"Visa_msaldodolares_delta1",0.000152402472570773,0.000365957252455148,0.000343878954607978
"vm_status04_avg12",0.000152240141867759,0.000228603249838551,0.000257909215955983
"Visa_mlimitecompra_lag1",0.000151447343723195,4.43738601409199e-05,0.000257909215955983
"vmr_mpagosdolares_max12",0.000149762123464253,0.000108776074686234,0.000257909215955983
"vmr_msaldodolares_tend12",0.000149416770716654,0.000442358726871265,0.000343878954607978
"mv_status07_avg12",0.000148759924158532,0.000842812842774755,0.000257909215955983
"Visa_mfinanciacion_limite_min12",0.000147900362706549,0.000392570271321261,0.000515818431911967
"cseguro_accidentes_personales_avg12",0.000147120628029123,0.000254114789906839,0.000343878954607978
"mttarjeta_visa_debitos_automaticos_min12",0.000145945326835778,5.09827329278654e-05,0.000171939477303989
"cprestamos_personales_min12",0.00014430914663743,0.00095190766040981,0.000257909215955983
"mcaja_ahorro_dolares_lag1",0.000143618491968871,0.000143515021386845,0.000515818431911967
"ctarjeta_visa_descuentos_avg12",0.000142964850917542,0.00113028670484427,0.000429848693259972
"Master_status_avg12",0.000138716981370572,0.000105475673013632,8.59697386519945e-05
"vm_mpagospesos",0.000137957854120054,0.000571389100330678,0.00103163686382393
"vm_mfinanciacion_limite_lag1",0.000137457520563075,8.44951244836465e-05,0.000343878954607978
"Visa_madelantopesos_delta1",0.000136754944029307,0.00099270675785889,0.000515818431911967
"vmr_Visa_mlimitecompra_delta1",0.000136454769168267,0.000220525738654506,8.59697386519945e-05
"Master_mconsumototal_min12",0.000135775823161591,2.93404901750109e-05,0.000171939477303989
"mextraccion_autoservicio_lag1",0.000134992151621931,0.000199666231750655,0.000429848693259972
"ctarjeta_debito_lag1",0.000134645215970228,8.11947228110449e-05,0.000257909215955983
"vm_fultimo_cierre_lag1",0.000133531009976244,0.000131773983651795,0.000257909215955983
"Visa_mpagosdolares_max12",0.000133235236850938,0.000100416133041209,0.000429848693259972
"mpagomiscuentas",0.000132171477565982,0.000280889197607798,0.000257909215955983
"mv_status07_max12",0.000132161277170553,0.000385545822284586,0.000171939477303989
"cdescubierto_preacordado_lag1",0.000131839912744763,0.000376052124074768,0.000171939477303989
"Master_mpagominimo_delta1",0.000130784104834578,0.00021380792840404,0.000429848693259972
"vm_mconsumospesos_avg12",0.00012886904991724,0.000156728732239865,0.000429848693259972
"Master_mconsumospesos_avg12",0.000128815155747745,0.00011994418205758,0.000257909215955983
"mautoservicio_min12",0.000128731444022917,0.00063557343994895,0.00249312242090784
"ctarjeta_master_transacciones_avg12",0.000128278140322577,0.000462863178338455,0.000257909215955983
"ccallcenter_transacciones_lag1",0.000127741477844445,0.000980477518898431,0.000257909215955983
"cpagodeservicios_tend12",0.000127255102008451,0.000760891870206903,0.000343878954607978
"Visa_mpagado_lag1",0.000126668940056961,0.000343556482178517,0.000257909215955983
"vm_status03_avg12",0.000126582849225486,0.000356475658407943,0.000429848693259972
"ctransferencias_emitidas_delta1",0.000126529062382291,0.000401805747395325,0.000515818431911967
"mtarjeta_master_consumo",0.000126327182742357,0.000845019835091275,0.000343878954607978
"mextraccion_autoservicio",0.00012467633465637,0.00102789759329707,0.00137551581843191
"vmr_mconsumototal_avg12",0.000123041475998001,0.00011486043375993,0.000257909215955983
"Visa_msaldodolares_tend12",0.000121621639714738,0.00021321482443598,0.000257909215955983
"Visa_msaldodolares_max12",0.000120973506007103,0.000257076275026264,0.000171939477303989
"Master_mpagosdolares_tend12",0.000120038586017723,0.000237737857890837,0.000171939477303989
"vm_msaldopesos_avg12",0.000119945474846365,0.000154521739923345,0.000429848693259972
"mv_status07_delta1",0.000119751069849434,0.00018601273632268,8.59697386519945e-05
"tcallcenter_delta1",0.000118844417719169,0.000457037041400513,0.000257909215955983
"ccaja_ahorro_min12",0.000118756724622628,0.00100978573130647,0.000343878954607978
"Visa_fultimo_cierre_lag1",0.000118531542151057,3.10108646156674e-05,0.000171939477303989
"Master_mpagospesos_max12",0.000118493147791489,7.25241076589412e-05,0.000343878954607978
"Master_mpagospesos_tend12",0.000118012531123808,0.000674940211488771,0.000515818431911967
"vm_Finiciomora_max12",0.000117798673235198,0.000191108588782943,0.000171939477303989
"mpayroll_sobre_edad_max12",0.00011763221657906,0.00217920115915917,0.00257909215955983
"vm_fultimo_cierre_max12",0.000117107427485372,0.000139339085285204,0.000343878954607978
"vm_Finiciomora",0.000117060911307774,0.000641859535066203,8.59697386519945e-05
"ccheques_depositados_max12",0.000116580302268408,0.000159218155017365,8.59697386519945e-05
"vm_mpagosdolares_max12",0.000116055057433201,0.000210140367132163,0.000343878954607978
"Master_msaldopesos_delta1",0.000116005614780124,0.000686560207597686,0.000429848693259972
"mttarjeta_visa_debitos_automaticos",0.000115306620684093,0.000145294333291023,0.000257909215955983
"vm_mpagado",0.000115233333607726,0.000798007267500622,0.000257909215955983
"Master_mpagospesos_avg12",0.000114218659192855,0.0002494909997885,0.000171939477303989
"Master_msaldopesos_tend12",0.000114088330818164,0.00020617020179495,0.000515818431911967
"ctarjeta_master_transacciones_max12",0.000114058958053724,0.000401757330744872,0.000257909215955983
"ctarjeta_visa_transacciones_min12",0.000113023182294959,9.34723784219577e-05,0.000343878954607978
"ctransferencias_emitidas",0.0001117729572721,0.000316669102293166,0.000429848693259972
"Master_mconsumototal_avg12",0.000111081495957877,0.000233114067772498,0.000171939477303989
"matm_other",0.000110382952245609,0.000195042441632316,0.000343878954607978
"mpagomiscuentas_min12",0.000110364337618901,9.42066976205072e-05,0.000257909215955983
"vmr_msaldototal_delta1",0.000109892443190254,0.000420740692443638,0.000515818431911967
"Master_msaldopesos_max12",0.000108706410266193,0.000100387889995111,0.000257909215955983
"Visa_msaldodolares_avg12",0.000107787572482629,0.000207703395725988,0.000257909215955983
"vm_mlimitecompra_lag1",0.000107159706535907,3.31855791652179e-05,0.000171939477303989
"vmr_mpagado_max12",0.000106930214500053,8.56934365823784e-05,0.000257909215955983
"vmr_Master_mlimitecompra_max12",0.000105409161431277,0.000467333649063691,0.000257909215955983
"Master_mconsumosdolares",0.000105172748407952,0.000131314025472484,8.59697386519945e-05
"Master_mlimitecompra_lag1",0.000105098384979909,4.51001098977271e-05,0.000171939477303989
"vmr_msaldodolares_lag1",0.000104995786953405,4.51727348734078e-05,8.59697386519945e-05
"ccajas_depositos_avg12",0.000103011766849766,0.000126177825803509,0.000171939477303989
"Master_mconsumototal_delta1",0.000100705056917976,0.000191193317921238,0.000343878954607978
"Master_mconsumospesos_min12",0.000100305135969887,0.000102477875406367,0.000257909215955983
"Master_mpagado_tend12",9.99982001999919e-05,0.000107347783497846,0.000171939477303989
"vmr_mpagosdolares_lag1",9.98864850590362e-05,0.000622799513670885,0.000171939477303989
"mtarjeta_master_consumo_delta1",9.87653165017666e-05,0.000629690816918811,0.000171939477303989
"mpagomiscuentas_lag1",9.83053640600143e-05,0.000436677839884684,0.000343878954607978
"ccajas_extracciones",9.76557485210115e-05,0.00108619124044346,0.000171939477303989
"mpagodeservicios_max12",9.67414057887305e-05,0.000482024067755552,0.000171939477303989
"Master_cconsumos_delta1",9.64192231133513e-05,9.11282055958189e-05,0.000257909215955983
"cplazo_fijo",9.6259898711743e-05,0.000155243954959281,8.59697386519945e-05
"Visa_status_avg12",9.56025721292819e-05,0.000192137442605087,8.59697386519945e-05
"cpagodeservicios_avg12",9.46498096475756e-05,0.000148505971104459,8.59697386519945e-05
"vm_mconsumototal",9.43590710093364e-05,0.000590041614918009,0.000257909215955983
"mv_status07_tend12",9.39078827473151e-05,0.000238177642465792,8.59697386519945e-05
"Master_msaldopesos_lag1",9.28252416672394e-05,0.00096621074589804,0.000343878954607978
"catm_trx_other_lag1",9.25526247928706e-05,0.000111362330764642,0.000257909215955983
"catm_trx_tend12",9.25525499564021e-05,0.000206759271042139,0.000257909215955983
"mtarjeta_master_consumo_max12",9.17218567452891e-05,8.62300544582415e-05,0.000343878954607978
"matm",9.11308224697774e-05,0.00108051035345688,0.00197730398899587
"ccajas_transacciones_avg12",9.05370948403923e-05,0.000107162186337773,0.000257909215955983
"Master_mpagospesos_min12",8.92887726844597e-05,0.000702420695342181,0.000257909215955983
"Master_mpagado_avg12",8.85859411120721e-05,0.000109788789624893,0.000257909215955983
"vm_status02_avg12",8.8294758299754e-05,0.000861876898890944,0.000343878954607978
"mprestamos_hipotecarios_avg12",8.77913300309629e-05,0.000382289802541568,0.000171939477303989
"catm_trx_min12",8.73160796522995e-05,0.000314494387743615,0.000171939477303989
"mpayroll_sobre_edad_avg12",8.72472002790799e-05,0.00378622644741778,0.00524415405777166
"ctarjeta_master_descuentos_tend12",8.70183450723943e-05,0.000458707415841169,0.000171939477303989
"Visa_fultimo_cierre_delta1",8.52777030414392e-05,0.000294401477805283,0.000257909215955983
"ccajas_transacciones_lag1",8.35860157190207e-05,7.62763980691117e-05,8.59697386519945e-05
"ctarjeta_debito_max12",8.22569200395971e-05,7.14266635819881e-05,0.000171939477303989
"Visa_mconsumosdolares_delta1",8.16810658844156e-05,0.000421224858948176,0.000601788170563962
"Master_msaldopesos_avg12",8.00271074085901e-05,0.000433324986840758,0.000171939477303989
"vmr_mconsumosdolares_tend12",7.97362605555022e-05,0.000392049792328882,0.000257909215955983
"vm_mconsumosdolares",7.90555582015854e-05,0.000229874186912963,0.000171939477303989
"matm_min12",7.84914556850271e-05,0.000412429167449066,0.000257909215955983
"vmr_msaldodolares2_min12",7.79977382528933e-05,0.0001865412847568,8.59697386519945e-05
"vmr_mpagominimo_lag1",7.73607801100677e-05,0.000101820215904369,0.000515818431911967
"mttarjeta_master_debitos_automaticos_max12",7.62256054833516e-05,0.000129042477622026,0.000343878954607978
"thomebanking_max12",7.59507292869721e-05,0.000425320100632394,0.000257909215955983
"Master_mconsumosdolares_lag1",7.53103292585176e-05,0.000107436547357012,8.59697386519945e-05
"thomebanking_min12",7.5150515518219e-05,1.50737171746205e-05,8.59697386519945e-05
"Visa_fultimo_cierre_max12",7.4238412336549e-05,4.07547155194973e-05,8.59697386519945e-05
"vm_Finiciomora_avg12",7.39057023325808e-05,0.000236394295840743,8.59697386519945e-05
"matm_other_lag1",7.35035127885537e-05,0.000224346619319486,0.000343878954607978
"mtarjeta_visa_descuentos_tend12",7.26203961501695e-05,0.000540140187183612,0.000171939477303989
"cinversion1_min12",7.24271887146221e-05,0.00131451205982103,0.000171939477303989
"Master_mconsumototal_max12",7.15076314511331e-05,3.4444412077017e-05,8.59697386519945e-05
"vm_mconsumosdolares_lag1",7.08003141077566e-05,0.000403944149457035,0.000171939477303989
"Visa_fultimo_cierre",7.03213865791627e-05,7.71600019398938e-05,8.59697386519945e-05
"Master_madelantopesos",7.00526626796142e-05,1.5646647538324e-05,8.59697386519945e-05
"Master_fechaalta_tend12",6.95402195000451e-05,4.02140629227631e-05,0.000171939477303989
"Master_msaldototal",6.89831586725751e-05,0.000242188155011716,0.000343878954607978
"Master_fultimo_cierre_tend12",6.79918965649665e-05,6.41964437808853e-05,0.000257909215955983
"ctarjeta_debito",6.75787815317339e-05,5.56468702549161e-05,0.000257909215955983
"Visa_Finiciomora_avg12",6.7501762794922e-05,0.000363951996182186,8.59697386519945e-05
"cdescubierto_preacordado_max12",6.63427103542974e-05,0.000368672619601433,0.000171939477303989
"ctarjeta_debito_transacciones_min12",6.57504672420569e-05,0.000285642098794014,0.000859697386519945
"mprestamos_prendarios_tend12",6.46881998407176e-05,0.000284847258782397,8.59697386519945e-05
"cplazo_fijo_avg12",6.36976458663582e-05,0.000512264300684829,8.59697386519945e-05
"vmr_mpagado",6.18783233910023e-05,0.000478384749529773,0.000171939477303989
"thomebanking_lag1",6.15335692196625e-05,4.36516451049838e-05,0.000171939477303989
"ctarjeta_visa_min12",6.10739137564979e-05,0.000396746207422902,0.000171939477303989
"Master_mconsumototal_lag1",5.96604572241996e-05,0.000189962728055536,0.000171939477303989
"vmr_msaldodolares2_max12",5.96180377658063e-05,0.000224298202669032,0.000257909215955983
"Master_mpagosdolares",5.89832033532265e-05,1.39480300515694e-05,8.59697386519945e-05
"mpagodeservicios_avg12",5.86237924364459e-05,0.000247840798952199,8.59697386519945e-05
"mttarjeta_master_debitos_automaticos",5.82335710684381e-05,0.000172524664450421,8.59697386519945e-05
"cinversion1",5.80852285576716e-05,0.000482835046650653,8.59697386519945e-05
"mv_status07_lag1",5.77596585071364e-05,8.79770885954499e-05,8.59697386519945e-05
"ccomisiones_mantenimiento_max12",5.7518014042128e-05,0.00122383574296278,0.000859697386519945
"Master_cconsumos_lag1",5.66454617522225e-05,0.000308018660745418,0.000257909215955983
"mtarjeta_visa_descuentos_max12",5.61074152613781e-05,0.000344984773366904,0.000171939477303989
"vm_msaldodolares",5.48485201159524e-05,6.38454230650951e-05,0.000171939477303989
"vmr_mconsumosdolares_min12",5.3819597899984e-05,7.96655636008786e-05,8.59697386519945e-05
"ccomisiones_mantenimiento_lag1",5.37893651889714e-05,4.21749372661425e-05,0.000171939477303989
"ctarjeta_visa_debitos_automaticos",5.36784581683278e-05,1.39480300515694e-05,8.59697386519945e-05
"mtarjeta_master_consumo_avg12",5.34398922106753e-05,0.000316075998325107,0.000171939477303989
"ccuenta_debitos_automaticos",5.343343063597e-05,0.000605462318087549,8.59697386519945e-05
"ctransferencias_emitidas_min12",5.30942920869724e-05,0.000237451392708985,0.000257909215955983
"ctarjeta_debito_min12",5.2466104492455e-05,4.27075204211345e-05,0.000171939477303989
"cprestamos_personales_avg12",5.23637645445046e-05,0.000139540821328761,0.000257909215955983
"Visa_cadelantosefectivo_delta1",5.23151425591565e-05,0.000236709004068693,0.000257909215955983
"Master_Fvencimiento_tend12",5.08531985512789e-05,1.68086471492155e-05,8.59697386519945e-05
"cmobile_app_trx_lag1",5.08366569200335e-05,1.75792788356054e-05,8.59697386519945e-05
"Visa_mlimitecompra_delta1",5.07920248198211e-05,3.33469680000639e-05,0.000171939477303989
"mcomisiones_mantenimiento_lag1",5.0442411883312e-05,0.0005409390619161,0.000601788170563962
"cmobile_app_trx_min12",4.97024058393928e-05,6.63832624930492e-05,8.59697386519945e-05
"minversion2_min12",4.96640563069009e-05,0.000657256029910516,8.59697386519945e-05
"cseguro_vida_tend12",4.96206585464642e-05,0.000332448895620238,8.59697386519945e-05
"Master_msaldototal_lag1",4.85441073068946e-05,1.78697787383283e-05,8.59697386519945e-05
"ctarjeta_master_debitos_automaticos_max12",4.8462618707931e-05,0.000104862395441217,8.59697386519945e-05
"ccuenta_debitos_automaticos_max12",4.61327543381601e-05,1.87493478882392e-05,8.59697386519945e-05
"ctarjeta_visa_descuentos_tend12",4.59300920724555e-05,0.00096873244644251,0.000601788170563962
"cseguro_accidentes_personales_lag1",4.58103329627413e-05,6.59555820807072e-05,8.59697386519945e-05
"Visa_Finiciomora_tend12",4.55711962615286e-05,4.76904006970061e-05,8.59697386519945e-05
"Master_status_delta1",4.542576960131e-05,9.62724747065366e-05,8.59697386519945e-05
"vmr_mpagosdolares_avg12",4.50686992496873e-05,0.000162219987345501,0.000171939477303989
"Master_mconsumototal",4.50146014133963e-05,2.54590886969635e-05,8.59697386519945e-05
"Visa_cadelantosefectivo_lag1",4.49988062990212e-05,0.000275365664735192,8.59697386519945e-05
"Master_mconsumospesos_lag1",4.41805055490471e-05,2.08110902533974e-05,8.59697386519945e-05
"ctarjeta_master_transacciones",4.40191766012394e-05,0.000387894029831596,8.59697386519945e-05
"ctarjeta_debito_tend12",4.31438042669663e-05,0.000194981920819248,0.000171939477303989
"Master_mpagominimo_min12",4.31302671813425e-05,8.74122276734888e-05,0.000257909215955983
"Visa_fultimo_cierre_tend12",4.30410916759913e-05,3.18662254403515e-05,8.59697386519945e-05
"vm_Finiciomora_tend12",4.28868805078482e-05,0.000105669339615448,8.59697386519945e-05
"mprestamos_prendarios_avg12",4.24656417334412e-05,0.000329483375779942,8.59697386519945e-05
"cprestamos_personales_max12",4.24564433151727e-05,7.64135785787308e-05,8.59697386519945e-05
"Visa_madelantopesos_max12",4.09605299551268e-05,0.00121702513413228,0.000429848693259972
"mtransferencias_emitidas_min12",4.08052795055756e-05,0.000185238069915419,0.000343878954607978
"Visa_fechaalta_tend12",4.02500277054827e-05,0.000304681946584976,8.59697386519945e-05
"vm_mconsumosdolares_delta1",4.01925459444478e-05,0.000343088454557463,0.000171939477303989
"Visa_msaldodolares",4.01003769423791e-05,0.000369887070583649,8.59697386519945e-05
"vm_mconsumosdolares_min12",3.90278835024314e-05,3.99154935782979e-05,8.59697386519945e-05
"Visa_Finiciomora_max12",3.83953841493506e-05,0.00035965501845441,8.59697386519945e-05
"vm_Fvencimiento_tend12",3.79045031117613e-05,6.03674936741629e-05,0.000171939477303989
"cforex_sell_lag1",3.75351084557471e-05,0.000604146999083553,8.59697386519945e-05
"vmr_mpagosdolares",3.65021159674121e-05,4.61531720450975e-05,0.000171939477303989
"vm_mconsumototal_avg12",3.60123436348412e-05,7.91128068415309e-05,0.000257909215955983
"ctrx_quarter_normalizado_avg12",3.5709970494865e-05,0.000820900273723533,0.00137551581843191
"vmr_Master_mlimitecompra_tend12",3.56886396289079e-05,2.80211364501444e-05,8.59697386519945e-05
"cforex_lag1",3.36498577085145e-05,0.000657256029910516,8.59697386519945e-05
"Master_msaldopesos_min12",3.26533648598452e-05,4.54148181256769e-05,8.59697386519945e-05
"vmr_msaldodolares_max12",2.99909959764891e-05,0.000502068561043431,0.000601788170563962
"cprestamos_hipotecarios_max12",2.96149155462695e-05,6.915511573153e-05,8.59697386519945e-05
"cextraccion_autoservicio_lag1",2.88912048610668e-05,0.000171080234378549,0.000257909215955983
"matm_delta1",2.87158560838758e-05,3.91650354962638e-05,8.59697386519945e-05
"Master_fultimo_cierre_delta1",2.81549059380619e-05,3.01555037909834e-05,8.59697386519945e-05
"Visa_cadelantosefectivo_avg12",2.81200334632716e-05,0.00098951932837068,0.000343878954607978
"vmr_mconsumototal_lag1",2.66714346350461e-05,1.56345433757105e-05,8.59697386519945e-05
"mtarjeta_master_descuentos_max12",2.59761354741563e-05,0.000179573321812322,8.59697386519945e-05
"Visa_madelantopesos_tend12",2.57630862114962e-05,1.94594587615618e-05,8.59697386519945e-05
"catm_trx_other",2.53378317598299e-05,0.000658829571050264,0.000343878954607978
"Master_mconsumosdolares_max12",2.50501511029603e-05,0.000468725627764238,0.000343878954607978
"Visa_mpagosdolares",2.2742705899443e-05,0.00026862768088037,0.000429848693259972
"mplazo_fijo_dolares_avg12",2.27089267829911e-05,0.000190180602982579,8.59697386519945e-05
"vmr_Visa_mlimitecompra_tend12",2.26558889767313e-05,1.59573210454026e-05,8.59697386519945e-05
"Visa_mconsumosdolares_min12",2.24483074714592e-05,0.000292242902139217,0.000257909215955983
"Master_cconsumos_min12",2.21797091476081e-05,3.14950311202055e-05,8.59697386519945e-05
"mplazo_fijo_dolares_tend12",2.19690925321257e-05,0.000102550500382048,0.000171939477303989
"cseguro_auto_avg12",1.9765931846859e-05,1.54287726112818e-05,8.59697386519945e-05
"vmr_mconsumosdolares_lag1",1.88940167726462e-05,2.17955621459583e-05,8.59697386519945e-05
"ctransferencias_recibidas_min12",1.86483129403515e-05,4.86264559391132e-05,8.59697386519945e-05
"mplazo_fijo_dolares_lag1",1.84478641525759e-05,0.000581040152654471,0.000343878954607978
"mttarjeta_master_debitos_automaticos_tend12",1.83044606177494e-05,8.48743882455347e-05,8.59697386519945e-05
"mprestamos_prendarios_max12",1.74185890041268e-05,9.08134973678691e-05,8.59697386519945e-05
"Visa_mpagado_delta1",1.73831650232065e-05,0.000403794864784803,0.000171939477303989
"Master_cadelantosefectivo_avg12",1.70722033284821e-05,2.72182269967854e-05,8.59697386519945e-05
"cextraccion_autoservicio_min12",1.70096308017994e-05,0.000194659143149556,8.59697386519945e-05
"vmr_mconsumosdolares_delta1",1.65935326460391e-05,5.05953997242349e-05,8.59697386519945e-05
"Master_msaldodolares_avg12",1.57961904180317e-05,0.000623291749617166,0.000343878954607978
"cforex_delta1",1.55218674887328e-05,0.00030588832812545,0.000171939477303989
"ctarjeta_visa_debitos_automaticos_lag1",1.5002742151658e-05,6.21831180661809e-05,8.59697386519945e-05
"Visa_msaldodolares_min12",1.48892558809493e-05,0.000304488279983161,8.59697386519945e-05
"Visa_cadelantosefectivo_tend12",1.35724112085809e-05,0.000448814280265107,0.000171939477303989
"Master_cconsumos",1.25392096862832e-05,3.30726069808256e-05,8.59697386519945e-05
"Master_msaldototal_min12",1.18203394053477e-05,0.000285710689048823,0.000171939477303989
"vm_Fvencimiento_delta1",1.08090237966953e-05,1.90721255579313e-05,8.59697386519945e-05
"Visa_madelantopesos_avg12",9.16683459036497e-06,0.000400288692347773,0.000171939477303989
"ccaja_ahorro_lag1",8.73972740426203e-06,0.000260893120970373,0.000171939477303989
"mcuenta_debitos_automaticos_delta1",7.21084389456918e-06,0.000230410804788826,0.000171939477303989
"vm_mpagosdolares_tend12",6.44362134407023e-06,7.37143503159307e-05,8.59697386519945e-05
"Visa_cadelantosefectivo",6.02783116450092e-06,0.000334393631080133,0.000171939477303989
"vm_mpagosdolares_delta1",5.95405641202765e-06,0.000145314506895378,8.59697386519945e-05
"Master_mpagosdolares_max12",5.26711860964826e-06,1.28546206954874e-05,8.59697386519945e-05
"Master_mconsumosdolares_tend12",4.99464965300346e-06,0.00027665677541396,8.59697386519945e-05
"ccajeros_propios_descuentos_tend12",4.89229738576546e-06,0.000232791290102806,8.59697386519945e-05
"vmr_msaldodolares_delta1",4.74988404828524e-06,0.000137914828817687,0.000171939477303989
"vm_mpagado_delta1",4.55109113286218e-06,0.000226134000665406,8.59697386519945e-05
"mforex_buy_avg12",4.15760144377915e-06,0.00037202950736623,0.000171939477303989
"Master_mpagominimo",3.68961036144837e-06,0.000136276732144,0.000343878954607978
"Master_fultimo_cierre_lag1",3.30339836002642e-06,0.000124810055428188,8.59697386519945e-05
"vmr_msaldodolares_min12",3.04660856742598e-06,0.00025453843559831,8.59697386519945e-05
"Master_mconsumosdolares_delta1",1.92455975774515e-06,2.06739097437783e-05,8.59697386519945e-05
"ccajas_otras_tend12",1.32927122175689e-06,0.000177160558731374,8.59697386519945e-05
"vmr_msaldodolares2_lag1",1.15321600450525e-06,3.17814963020573e-05,8.59697386519945e-05
"ctarjeta_master_max12",8.78109928510909e-07,0.000160819939203212,8.59697386519945e-05
"mforex_buy_max12",4.64115249181077e-07,0.000167465124477998,8.59697386519945e-05
"vm_status05_tend12",1.47656340915352e-08,0.000150801727280144,0.000171939477303989
"vm_status04_lag1",1.19594067973227e-09,0.000121368438525096,8.59697386519945e-05
"vm_status05_lag1",6.35498141426391e-10,0.00017763665579417,8.59697386519945e-05
"Visa_mpagosdolares_delta1",4.28685213509168e-10,0.000418428797384468,0.000429848693259972
"Visa_msaldodolares_lag1",3.43803259891301e-10,1.65181472464926e-05,8.59697386519945e-05
"Visa_madelantodolares",2.50546564461758e-10,6.66011374200913e-05,8.59697386519945e-05
"Master_delinquency",2.30771393202767e-10,3.62116198185812e-05,8.59697386519945e-05
"Visa_madelantodolares_delta1",8.75639198871671e-11,0.000248817201403018,0.000257909215955983
"Visa_madelantopesos_lag1",5.06149382633911e-11,0.000158693641304115,8.59697386519945e-05
"Visa_madelantopesos",2.24384298773419e-11,0.000149752699853645,8.59697386519945e-05
"vm_status02_delta1",2.05183175378681e-11,5.34802251471079e-05,8.59697386519945e-05
"vm_status03",9.854513301013e-12,0.00011346038561764,8.59697386519945e-05
"catm_trx_lag1",1.25900945639456e-12,7.76764462114011e-05,0.000343878954607978
"vm_fechaalta_tend12",3.70068044511296e-13,6.52938878578384e-05,0.000171939477303989
"ctarjeta_visa_descuentos_max12",3.44784669013656e-13,0.000184370604928121,0.000257909215955983
"mextraccion_autoservicio_min12",3.02786030633191e-13,5.74261821590937e-05,0.000257909215955983
"Master_mconsumosdolares_avg12",2.97490594975212e-13,0.000148687533543661,8.59697386519945e-05
"mtarjeta_visa_descuentos_delta1",5.93592566274182e-14,2.02300904479517e-05,8.59697386519945e-05
